customer_id,customer_name,age,gender,city,email,phone
1,Customer_1,58,Male,Vijayawada,user1@example.com,9846913810
2,Customer_2,33,Male,Chennai,user2@example.com,9823756669
3,Customer_3,61,Female,Vijayawada,user3@example.com,9814265799
4,Customer_4,19,Male,Vijayawada,user4@example.com,9841227216
5,Customer_5,50,Male,Hyderabad,user5@example.com,9897226012
6,Customer_6,62,Male,Delhi,user6@example.com,9870291817
7,Customer_7,55,Male,Bengaluru,user7@example.com,9831429110
8,Customer_8,62,Female,Delhi,user8@example.com,9847295260
9,Customer_9,27,Female,Chennai,user9@example.com,9823718431
10,Customer_10,23,Male,Delhi,user10@example.com,9858181396
11,Customer_11,40,Male,Bengaluru,user11@example.com,9871662963
12,Customer_12,52,Female,Vijayawada,user12@example.com,9820576383
13,Customer_13,53,Female,Bengaluru,user13@example.com,9887490893
14,Customer_14,30,Male,Vijayawada,user14@example.com,9898753260
15,Customer_15,32,Male,Bengaluru,user15@example.com,9841244663
16,Customer_16,24,Female,Delhi,user16@example.com,9870855700
17,Customer_17,58,Male,Mumbai,user17@example.com,9859684848
18,Customer_18,40,Female,Chennai,user18@example.com,9896977837
19,Customer_19,22,Male,Visakhapatnam,user19@example.com,9831931511
20,Customer_20,47,Female,Delhi,user20@example.com,9895899313
21,Customer_21,62,Female,Chennai,user21@example.com,9817507864
22,Customer_22,32,Female,Hyderabad,user22@example.com,9863843426
23,Customer_23,35,Male,Vijayawada,user23@example.com,9886125617
24,Customer_24,63,Male,Mumbai,user24@example.com,9897971488
25,Customer_25,49,Female,Delhi,user25@example.com,9829175900
26,Customer_26,34,Male,Visakhapatnam,user26@example.com,9885345555
27,Customer_27,52,Female,Bengaluru,user27@example.com,9888320463
28,Customer_28,43,Male,Mumbai,user28@example.com,9828566572
29,Customer_29,50,Male,Pune,user29@example.com,9816323852
30,Customer_30,25,Male,Visakhapatnam,user30@example.com,9866661351
31,Customer_31,56,Female,Vijayawada,user31@example.com,9861220073
32,Customer_32,56,Female,Pune,user32@example.com,9884252722
33,Customer_33,18,Female,Vijayawada,user33@example.com,9896028436
34,Customer_34,39,Female,Vijayawada,user34@example.com,9868353204
35,Customer_35,28,Male,Pune,user35@example.com,9845351479
36,Customer_36,50,Male,Visakhapatnam,user36@example.com,9893926371
37,Customer_37,37,Male,Chennai,user37@example.com,9860185867
38,Customer_38,28,Female,Hyderabad,user38@example.com,9875579548
39,Customer_39,19,Female,Vijayawada,user39@example.com,9851273847
40,Customer_40,33,Male,Hyderabad,user40@example.com,9886149359
41,Customer_41,23,Female,Vijayawada,user41@example.com,9819289546
42,Customer_42,52,Male,Visakhapatnam,user42@example.com,9898550256
43,Customer_43,48,Female,Visakhapatnam,user43@example.com,9880823176
44,Customer_44,56,Male,Delhi,user44@example.com,9882383095
45,Customer_45,64,Female,Chennai,user45@example.com,9863551839
46,Customer_46,60,Female,Mumbai,user46@example.com,9879467853
47,Customer_47,46,Male,Vijayawada,user47@example.com,9840158366
48,Customer_48,22,Male,Mumbai,user48@example.com,9888961459
49,Customer_49,53,Male,Chennai,user49@example.com,9810965138
50,Customer_50,22,Male,Hyderabad,user50@example.com,9819046318
51,Customer_51,20,Male,Mumbai,user51@example.com,9879008866
52,Customer_52,33,Female,Bengaluru,user52@example.com,9838754377
53,Customer_53,52,Female,Visakhapatnam,user53@example.com,9842614537
54,Customer_54,48,Male,Delhi,user54@example.com,9822660194
55,Customer_55,24,Female,Delhi,user55@example.com,9866851760
56,Customer_56,44,Male,Pune,user56@example.com,9897705310
57,Customer_57,59,Male,Vijayawada,user57@example.com,9864038913
58,Customer_58,64,Male,Mumbai,user58@example.com,9843374088
59,Customer_59,30,Female,Chennai,user59@example.com,9828814949
60,Customer_60,45,Female,Visakhapatnam,user60@example.com,9872092888
61,Customer_61,33,Female,Vijayawada,user61@example.com,9883863413
62,Customer_62,24,Male,Hyderabad,user62@example.com,9822517517
63,Customer_63,33,Female,Visakhapatnam,user63@example.com,9875181648
64,Customer_64,48,Female,Chennai,user64@example.com,9817869910
65,Customer_65,28,Male,Delhi,user65@example.com,9862401521
66,Customer_66,34,Female,Pune,user66@example.com,9866775103
67,Customer_67,62,Male,Pune,user67@example.com,9835487660
68,Customer_68,36,Male,Chennai,user68@example.com,9887736262
69,Customer_69,65,Female,Hyderabad,user69@example.com,9817672593
70,Customer_70,21,Male,Pune,user70@example.com,9817634247
71,Customer_71,50,Male,Vijayawada,user71@example.com,9819196777
72,Customer_72,56,Male,Vijayawada,user72@example.com,9864193837
73,Customer_73,25,Male,Chennai,user73@example.com,9893131979
74,Customer_74,23,Female,Delhi,user74@example.com,9844999379
75,Customer_75,31,Male,Mumbai,user75@example.com,9845650176
76,Customer_76,43,Female,Visakhapatnam,user76@example.com,9871367643
77,Customer_77,38,Male,Vijayawada,user77@example.com,9871510041
78,Customer_78,57,Male,Vijayawada,user78@example.com,9882160068
79,Customer_79,31,Male,Bengaluru,user79@example.com,9856843172
80,Customer_80,22,Female,Chennai,user80@example.com,9848250360
81,Customer_81,28,Female,Pune,user81@example.com,9892097999
82,Customer_82,59,Female,Hyderabad,user82@example.com,9899038526
83,Customer_83,24,Female,Visakhapatnam,user83@example.com,9825492573
84,Customer_84,24,Female,Visakhapatnam,user84@example.com,9847816686
85,Customer_85,56,Female,Chennai,user85@example.com,9837326368
86,Customer_86,61,Female,Bengaluru,user86@example.com,9843704923
87,Customer_87,21,Female,Vijayawada,user87@example.com,9847135391
88,Customer_88,20,Female,Hyderabad,user88@example.com,9827558317
89,Customer_89,58,Male,Bengaluru,user89@example.com,9869302158
90,Customer_90,53,Male,,user90@example.com,9825015458
91,Customer_91,22,Male,Visakhapatnam,user91@example.com,9859555330
92,Customer_92,55,Female,Visakhapatnam,user92@example.com,9827105448
93,Customer_93,20,Female,Bengaluru,user93@example.com,9815354599
94,Customer_94,40,Male,Chennai,user94@example.com,9899514287
95,Customer_95,24,Female,Mumbai,user95@example.com,9893303777
96,Customer_96,65,Male,Visakhapatnam,user96@example.com,9831810617
97,Customer_97,29,Male,Delhi,user97@example.com,9834073380
98,Customer_98,65,Female,Mumbai,user98@example.com,9899913412
99,Customer_99,65,Female,Chennai,user99@example.com,9831367172
100,Customer_100,62,Female,Vijayawada,user100@example.com,9815197528
101,Customer_101,48,Male,Chennai,user101@example.com,9871780854
102,Customer_102,40,Male,Bengaluru,user102@example.com,9839920292
103,Customer_103,19,Female,Chennai,user103@example.com,9854058573
104,Customer_104,35,Female,Vijayawada,user104@example.com,9857130035
105,Customer_105,59,Female,Delhi,user105@example.com,9813704481
106,Customer_106,25,Male,Bengaluru,user106@example.com,9887925434
107,Customer_107,34,Male,Hyderabad,user107@example.com,9890070438
108,Customer_108,45,Female,Mumbai,user108@example.com,9868571795
109,Customer_109,56,Female,Vijayawada,user109@example.com,9887388337
110,Customer_110,30,Male,Bengaluru,user110@example.com,9868526649
111,Customer_111,18,Female,Chennai,user111@example.com,9867887757
112,Customer_112,22,Female,Mumbai,user112@example.com,9899038359
113,Customer_113,25,Female,Bengaluru,user113@example.com,9899508850
114,Customer_114,44,Female,Mumbai,user114@example.com,9849682169
115,Customer_115,53,Male,Visakhapatnam,user115@example.com,9866431351
116,Customer_116,60,Male,Delhi,user116@example.com,9892613013
117,Customer_117,54,Female,Bengaluru,user117@example.com,9883542887
118,Customer_118,18,Female,Bengaluru,user118@example.com,9838210242
119,Customer_119,45,Female,Mumbai,user119@example.com,9869295515
120,Customer_120,-1,Female,Chennai,user120@example.com,9832775593
121,Customer_121,60,Female,Vijayawada,user121@example.com,9879182797
122,Customer_122,60,Male,Mumbai,user122@example.com,9841523529
123,Customer_123,61,Male,Bengaluru,user123@example.com,9836726767
124,Customer_124,27,Male,Hyderabad,user124@example.com,9842862209
125,Customer_125,48,Female,Vijayawada,user125@example.com,9865625330
126,Customer_126,58,Female,Chennai,user126@example.com,9876354180
127,Customer_127,43,Male,Chennai,user127@example.com,9898054615
128,Customer_128,62,Male,Hyderabad,user128@example.com,9867062156
129,Customer_129,32,Female,Visakhapatnam,user129@example.com,9816740197
130,Customer_130,53,Male,Chennai,user130@example.com,9871265269
131,Customer_131,26,Female,Pune,user131@example.com,9869401199
132,Customer_132,57,Female,Delhi,user132@example.com,9831361812
133,Customer_133,65,Female,Pune,user133@example.com,9844788100
134,Customer_134,33,Female,Bengaluru,user134@example.com,9894120751
135,Customer_135,33,Female,Bengaluru,user135@example.com,9820399639
136,Customer_136,63,Male,Bengaluru,user136@example.com,9846468984
137,Customer_137,39,Male,Mumbai,user137@example.com,9828572252
138,Customer_138,27,Female,Chennai,user138@example.com,9830509175
139,Customer_139,63,Male,Chennai,user139@example.com,9865682626
140,Customer_140,44,Female,Mumbai,user140@example.com,9865804273
141,Customer_141,21,Female,Chennai,user141@example.com,9862274692
142,Customer_142,55,Female,Hyderabad,user142@example.com,9874019136
143,Customer_143,18,Female,Mumbai,user143@example.com,9862343121
144,Customer_144,44,Female,Chennai,user144@example.com,9839450273
145,Customer_145,35,Female,Delhi,user145@example.com,9813895645
146,Customer_146,42,Female,Mumbai,user146@example.com,9832151928
147,Customer_147,47,Male,Visakhapatnam,user147@example.com,9862884503
148,Customer_148,55,Male,Hyderabad,user148@example.com,9896268397
149,Customer_149,45,Female,Visakhapatnam,user149@example.com,9834391257
150,Customer_150,21,Female,Bengaluru,,9853936531
151,Customer_151,31,Female,Pune,user151@example.com,9855298556
152,Customer_152,42,Female,Bengaluru,user152@example.com,9843859311
153,Customer_153,23,Male,Pune,user153@example.com,9882399599
154,Customer_154,21,Male,Mumbai,user154@example.com,9897260863
155,Customer_155,22,Male,Hyderabad,user155@example.com,9843189803
156,Customer_156,30,Male,Hyderabad,user156@example.com,9842016960
157,Customer_157,26,Male,Pune,user157@example.com,9885694715
158,Customer_158,31,Female,Pune,user158@example.com,9859512272
159,Customer_159,28,Male,Vijayawada,user159@example.com,9851746937
160,Customer_160,24,Female,Hyderabad,user160@example.com,9887282128
161,Customer_161,61,Female,Delhi,user161@example.com,9836619372
162,Customer_162,22,Male,Chennai,user162@example.com,9850477742
163,Customer_163,61,Male,Vijayawada,user163@example.com,9856600900
164,Customer_164,52,Female,Delhi,user164@example.com,9819255216
165,Customer_165,50,Male,Mumbai,user165@example.com,9866379329
166,Customer_166,49,Female,Vijayawada,user166@example.com,9858612055
167,Customer_167,58,Male,Pune,user167@example.com,9868450095
168,Customer_168,29,Female,Bengaluru,user168@example.com,9872394301
169,Customer_169,45,Female,Bengaluru,user169@example.com,9842949803
170,Customer_170,23,Female,Bengaluru,user170@example.com,9842730796
171,Customer_171,47,Female,Delhi,user171@example.com,9813852048
172,Customer_172,49,Male,Mumbai,user172@example.com,9875437844
173,Customer_173,31,Female,Mumbai,user173@example.com,9855679506
174,Customer_174,35,Male,Bengaluru,user174@example.com,9879340535
175,Customer_175,30,Male,Vijayawada,user175@example.com,9864549859
176,Customer_176,49,Female,Chennai,user176@example.com,9896691619
177,Customer_177,63,Female,Pune,user177@example.com,9812314351
178,Customer_178,23,Male,Bengaluru,user178@example.com,9864277800
179,Customer_179,62,Female,Chennai,user179@example.com,9899115205
180,Customer_180,55,Female,,user180@example.com,9884285882
181,Customer_181,51,Female,Mumbai,user181@example.com,9883871890
182,Customer_182,39,Female,Mumbai,user182@example.com,9846361787
183,Customer_183,37,Male,Bengaluru,user183@example.com,9826194158
184,Customer_184,64,Female,Chennai,user184@example.com,9826046365
185,Customer_185,65,Male,Visakhapatnam,user185@example.com,9839042654
186,Customer_186,65,Female,Pune,user186@example.com,9889133014
187,Customer_187,51,Male,Bengaluru,user187@example.com,9836054020
188,Customer_188,36,Female,Chennai,user188@example.com,9834084236
189,Customer_189,37,Male,Hyderabad,user189@example.com,9846817443
190,Customer_190,20,Female,Hyderabad,user190@example.com,9826948946
191,Customer_191,58,Male,Pune,user191@example.com,9811646234
192,Customer_192,54,Female,Bengaluru,user192@example.com,9874251933
193,Customer_193,46,Male,Mumbai,user193@example.com,9816895666
194,Customer_194,34,Male,Pune,user194@example.com,9818770247
195,Customer_195,43,Male,Pune,user195@example.com,9887446468
196,Customer_196,58,Male,Hyderabad,user196@example.com,9830024960
197,Customer_197,54,Male,Bengaluru,user197@example.com,9843311626
198,Customer_198,25,Male,Delhi,user198@example.com,9880138498
199,Customer_199,42,Female,Pune,user199@example.com,9849910061
200,Customer_200,55,Female,Delhi,user200@example.com,9886320155
201,Customer_201,57,Male,Hyderabad,user201@example.com,9837888820
202,Customer_202,58,Female,Chennai,user202@example.com,9898641164
203,Customer_203,23,Male,Visakhapatnam,user203@example.com,9833328859
204,Customer_204,53,Male,Vijayawada,user204@example.com,9810359129
205,Customer_205,44,Female,Pune,user205@example.com,9849092160
206,Customer_206,20,Female,Chennai,user206@example.com,9847945817
207,Customer_207,62,Male,Pune,user207@example.com,9841329612
208,Customer_208,34,Female,Chennai,user208@example.com,9825405014
209,Customer_209,52,Male,Chennai,user209@example.com,9845652586
210,Customer_210,27,Male,Vijayawada,user210@example.com,9832269779
211,Customer_211,37,Female,Bengaluru,user211@example.com,9826690465
212,Customer_212,47,Female,Bengaluru,user212@example.com,9846540265
213,Customer_213,50,Female,Pune,user213@example.com,9820796722
214,Customer_214,56,Female,Hyderabad,user214@example.com,9853261270
215,Customer_215,56,Male,Bengaluru,user215@example.com,9822257687
216,Customer_216,32,Female,Hyderabad,user216@example.com,9887342561
217,Customer_217,20,Female,Visakhapatnam,user217@example.com,9879654147
218,Customer_218,59,Female,Pune,user218@example.com,9834359060
219,Customer_219,55,Female,Delhi,user219@example.com,9822246348
220,Customer_220,48,Female,Mumbai,user220@example.com,9854735895
221,Customer_221,38,Male,Vijayawada,user221@example.com,9854265498
222,Customer_222,44,Female,Pune,user222@example.com,9898930456
223,Customer_223,43,Female,Hyderabad,user223@example.com,9821819185
224,Customer_224,38,Female,Bengaluru,user224@example.com,9825558733
225,Customer_225,43,Female,Hyderabad,user225@example.com,9865465150
226,Customer_226,21,Female,Chennai,user226@example.com,9893568503
227,Customer_227,49,Male,Pune,user227@example.com,9837321124
228,Customer_228,35,Female,Visakhapatnam,user228@example.com,9868802946
229,Customer_229,62,Male,Pune,user229@example.com,9813874790
230,Customer_230,58,Male,Chennai,user230@example.com,9851708177
231,Customer_231,53,Female,Hyderabad,user231@example.com,9822510327
232,Customer_232,32,Female,Vijayawada,user232@example.com,9825766039
233,Customer_233,59,Female,Visakhapatnam,user233@example.com,9849172995
234,Customer_234,50,Female,Bengaluru,user234@example.com,9874759996
235,Customer_235,48,Female,Chennai,user235@example.com,9883989546
236,Customer_236,27,Male,Delhi,user236@example.com,9890447099
237,Customer_237,50,Male,Visakhapatnam,user237@example.com,9847077298
238,Customer_238,44,Female,Mumbai,user238@example.com,9810344303
239,Customer_239,36,Female,Bengaluru,user239@example.com,9829944139
240,Customer_240,-1,Female,Pune,user240@example.com,9854619335
241,Customer_241,53,Female,Delhi,user241@example.com,9853188224
242,Customer_242,30,Female,Chennai,user242@example.com,9841348220
243,Customer_243,44,Female,Hyderabad,user243@example.com,9873481797
244,Customer_244,63,Female,Delhi,user244@example.com,9899078806
245,Customer_245,59,Female,Visakhapatnam,user245@example.com,9814968688
246,Customer_246,26,Male,Mumbai,user246@example.com,9869096899
247,Customer_247,24,Male,Pune,user247@example.com,9829348212
248,Customer_248,44,Male,Visakhapatnam,user248@example.com,9873013961
249,Customer_249,34,Female,Mumbai,user249@example.com,9897219599
250,Customer_250,23,Female,Mumbai,user250@example.com,9852501540
251,Customer_251,58,Male,Pune,user251@example.com,9892874006
252,Customer_252,22,Female,Chennai,user252@example.com,9840532691
253,Customer_253,65,Female,Vijayawada,user253@example.com,9823212812
254,Customer_254,58,Female,Vijayawada,user254@example.com,9832329103
255,Customer_255,62,Male,Bengaluru,user255@example.com,9816172803
256,Customer_256,38,Female,Hyderabad,user256@example.com,9858112135
257,Customer_257,41,Male,Delhi,user257@example.com,9842775624
258,Customer_258,51,Male,Delhi,user258@example.com,9832814819
259,Customer_259,29,Female,Vijayawada,user259@example.com,9893176117
260,Customer_260,61,Female,Chennai,user260@example.com,9888270025
261,Customer_261,27,Female,Chennai,user261@example.com,9895618110
262,Customer_262,34,Female,Pune,user262@example.com,9899501846
263,Customer_263,18,Female,Pune,user263@example.com,9883363160
264,Customer_264,28,Female,Vijayawada,user264@example.com,9856381032
265,Customer_265,55,Female,Bengaluru,user265@example.com,9843567615
266,Customer_266,47,Male,Bengaluru,user266@example.com,9861632653
267,Customer_267,48,Male,Vijayawada,user267@example.com,9861185849
268,Customer_268,54,Female,Mumbai,user268@example.com,9849625201
269,Customer_269,19,Female,Delhi,user269@example.com,9811086890
270,Customer_270,54,Female,,user270@example.com,9848412328
271,Customer_271,32,Male,Mumbai,user271@example.com,9895445405
272,Customer_272,30,Male,Bengaluru,user272@example.com,9894322033
273,Customer_273,24,Female,Hyderabad,user273@example.com,9869166287
274,Customer_274,20,Male,Mumbai,user274@example.com,9822097496
275,Customer_275,36,Female,Mumbai,user275@example.com,9833574011
276,Customer_276,30,Female,Visakhapatnam,user276@example.com,9881249799
277,Customer_277,50,Male,Bengaluru,user277@example.com,9844489940
278,Customer_278,48,Female,Bengaluru,user278@example.com,9825457816
279,Customer_279,47,Male,Vijayawada,user279@example.com,9840281491
280,Customer_280,61,Female,Delhi,user280@example.com,9822120246
281,Customer_281,43,Female,Hyderabad,user281@example.com,9882017516
282,Customer_282,25,Female,Pune,user282@example.com,9845186708
283,Customer_283,55,Female,Delhi,user283@example.com,9824541967
284,Customer_284,61,Female,Chennai,user284@example.com,9813358751
285,Customer_285,57,Male,Mumbai,user285@example.com,9896926431
286,Customer_286,22,Female,Pune,user286@example.com,9897139443
287,Customer_287,44,Male,Vijayawada,user287@example.com,9816086345
288,Customer_288,20,Female,Bengaluru,user288@example.com,9825585427
289,Customer_289,24,Male,Chennai,user289@example.com,9862163160
290,Customer_290,47,Female,Mumbai,user290@example.com,9888831486
291,Customer_291,65,Female,Visakhapatnam,user291@example.com,9897902129
292,Customer_292,24,Female,Pune,user292@example.com,9847546086
293,Customer_293,20,Male,Mumbai,user293@example.com,9869509870
294,Customer_294,46,Female,Chennai,user294@example.com,9823335151
295,Customer_295,61,Female,Mumbai,user295@example.com,9818126895
296,Customer_296,43,Male,Bengaluru,user296@example.com,9826395999
297,Customer_297,47,Male,Vijayawada,user297@example.com,9896128115
298,Customer_298,58,Male,Hyderabad,user298@example.com,9854762841
299,Customer_299,33,Male,Visakhapatnam,user299@example.com,9819208698
300,Customer_300,53,Male,Chennai,,9841272553
301,Customer_301,39,Male,Visakhapatnam,user301@example.com,9847215199
302,Customer_302,27,Female,Visakhapatnam,user302@example.com,9833420607
303,Customer_303,25,Male,Hyderabad,user303@example.com,9811994519
304,Customer_304,40,Female,Chennai,user304@example.com,9812118101
305,Customer_305,29,Male,Bengaluru,user305@example.com,9827013243
306,Customer_306,65,Male,Delhi,user306@example.com,9818530615
307,Customer_307,48,Female,Pune,user307@example.com,9878885632
308,Customer_308,55,Female,Vijayawada,user308@example.com,9877624084
309,Customer_309,32,Female,Hyderabad,user309@example.com,9871477426
310,Customer_310,59,Male,Hyderabad,user310@example.com,9874287863
311,Customer_311,43,Male,Delhi,user311@example.com,9875802771
312,Customer_312,63,Male,Pune,user312@example.com,9820843514
313,Customer_313,38,Male,Visakhapatnam,user313@example.com,9826937148
314,Customer_314,35,Female,Mumbai,user314@example.com,9890180577
315,Customer_315,51,Female,Bengaluru,user315@example.com,9877853916
316,Customer_316,56,Male,Delhi,user316@example.com,9825356396
317,Customer_317,59,Female,Chennai,user317@example.com,9870606674
318,Customer_318,32,Female,Delhi,user318@example.com,9870867592
319,Customer_319,43,Male,Delhi,user319@example.com,9851949529
320,Customer_320,45,Female,Mumbai,user320@example.com,9860237832
321,Customer_321,27,Male,Pune,user321@example.com,9822243983
322,Customer_322,23,Female,Vijayawada,user322@example.com,9822960658
323,Customer_323,65,Male,Mumbai,user323@example.com,9884674816
324,Customer_324,21,Male,Mumbai,user324@example.com,9865137801
325,Customer_325,40,Male,Delhi,user325@example.com,9848604965
326,Customer_326,56,Female,Bengaluru,user326@example.com,9823905032
327,Customer_327,54,Male,Chennai,user327@example.com,9898145654
328,Customer_328,48,Male,Chennai,user328@example.com,9856991504
329,Customer_329,53,Male,Mumbai,user329@example.com,9847388792
330,Customer_330,54,Female,Chennai,user330@example.com,9885291541
331,Customer_331,57,Female,Hyderabad,user331@example.com,9813886030
332,Customer_332,29,Female,Bengaluru,user332@example.com,9855610493
333,Customer_333,40,Male,Hyderabad,user333@example.com,9829226889
334,Customer_334,54,Male,Delhi,user334@example.com,9829042093
335,Customer_335,65,Male,Hyderabad,user335@example.com,9881200181
336,Customer_336,31,Female,Delhi,user336@example.com,9870887307
337,Customer_337,39,Female,Visakhapatnam,user337@example.com,9851827259
338,Customer_338,64,Male,Mumbai,user338@example.com,9817061037
339,Customer_339,27,Male,Visakhapatnam,user339@example.com,9820949687
340,Customer_340,35,Female,Pune,user340@example.com,9875184410
341,Customer_341,56,Female,Pune,user341@example.com,9846663833
342,Customer_342,31,Female,Vijayawada,user342@example.com,9867702031
343,Customer_343,25,Female,Bengaluru,user343@example.com,9880723898
344,Customer_344,60,Male,Bengaluru,user344@example.com,9839597483
345,Customer_345,43,Male,Hyderabad,user345@example.com,9837437207
346,Customer_346,37,Male,Chennai,user346@example.com,9844295247
347,Customer_347,36,Male,Mumbai,user347@example.com,9811037490
348,Customer_348,49,Male,Delhi,user348@example.com,9827339011
349,Customer_349,42,Female,Chennai,user349@example.com,9819673809
350,Customer_350,43,Female,Hyderabad,user350@example.com,9812515446
351,Customer_351,47,Female,Vijayawada,user351@example.com,9887277086
352,Customer_352,45,Female,Delhi,user352@example.com,9848858073
353,Customer_353,25,Male,Delhi,user353@example.com,9853589647
354,Customer_354,28,Female,Pune,user354@example.com,9821828592
355,Customer_355,45,Male,Vijayawada,user355@example.com,9868475513
356,Customer_356,55,Male,Delhi,user356@example.com,9863118906
357,Customer_357,37,Male,Mumbai,user357@example.com,9854703713
358,Customer_358,28,Male,Vijayawada,user358@example.com,9881216573
359,Customer_359,50,Female,Chennai,user359@example.com,9857123808
360,Customer_360,-1,Male,,user360@example.com,9823798190
361,Customer_361,27,Male,Bengaluru,user361@example.com,9833286644
362,Customer_362,56,Male,Visakhapatnam,user362@example.com,9833776150
363,Customer_363,58,Female,Pune,user363@example.com,9885663295
364,Customer_364,55,Female,Pune,user364@example.com,9894183695
365,Customer_365,38,Female,Visakhapatnam,user365@example.com,9819165226
366,Customer_366,48,Female,Pune,user366@example.com,9846866075
367,Customer_367,55,Female,Hyderabad,user367@example.com,9878093604
368,Customer_368,22,Female,Bengaluru,user368@example.com,9870654852
369,Customer_369,20,Female,Hyderabad,user369@example.com,9848530827
370,Customer_370,22,Female,Vijayawada,user370@example.com,9872104107
371,Customer_371,55,Female,Hyderabad,user371@example.com,9886726461
372,Customer_372,59,Female,Chennai,user372@example.com,9891202508
373,Customer_373,48,Male,Visakhapatnam,user373@example.com,9870468188
374,Customer_374,24,Male,Mumbai,user374@example.com,9877719420
375,Customer_375,59,Male,Visakhapatnam,user375@example.com,9843251599
376,Customer_376,63,Female,Pune,user376@example.com,9880339290
377,Customer_377,51,Female,Visakhapatnam,user377@example.com,9860043345
378,Customer_378,36,Female,Delhi,user378@example.com,9855414869
379,Customer_379,61,Female,Hyderabad,user379@example.com,9818846539
380,Customer_380,39,Female,Vijayawada,user380@example.com,9848137561
381,Customer_381,34,Female,Visakhapatnam,user381@example.com,9820939011
382,Customer_382,55,Female,Visakhapatnam,user382@example.com,9851638598
383,Customer_383,59,Male,Delhi,user383@example.com,9889865081
384,Customer_384,63,Female,Vijayawada,user384@example.com,9885017250
385,Customer_385,42,Male,Mumbai,user385@example.com,9899941500
386,Customer_386,62,Female,Vijayawada,user386@example.com,9878248169
387,Customer_387,41,Female,Hyderabad,user387@example.com,9851455302
388,Customer_388,29,Female,Chennai,user388@example.com,9875266178
389,Customer_389,30,Male,Chennai,user389@example.com,9830796389
390,Customer_390,22,Male,Bengaluru,user390@example.com,9878140959
391,Customer_391,52,Female,Hyderabad,user391@example.com,9892950779
392,Customer_392,26,Male,Delhi,user392@example.com,9831776452
393,Customer_393,29,Female,Visakhapatnam,user393@example.com,9815864298
394,Customer_394,44,Male,Mumbai,user394@example.com,9869619341
395,Customer_395,57,Female,Bengaluru,user395@example.com,9841407343
396,Customer_396,52,Female,Chennai,user396@example.com,9872950208
397,Customer_397,30,Female,Mumbai,user397@example.com,9871965637
398,Customer_398,36,Female,Delhi,user398@example.com,9831751079
399,Customer_399,30,Female,Visakhapatnam,user399@example.com,9817003454
400,Customer_400,59,Female,Pune,user400@example.com,9884429198
401,Customer_401,24,Female,Vijayawada,user401@example.com,9821257528
402,Customer_402,28,Female,Bengaluru,user402@example.com,9878901038
403,Customer_403,27,Male,Delhi,user403@example.com,9839801436
404,Customer_404,46,Male,Mumbai,user404@example.com,9865686520
405,Customer_405,21,Female,Delhi,user405@example.com,9841645597
406,Customer_406,42,Female,Vijayawada,user406@example.com,9840137082
407,Customer_407,19,Male,Mumbai,user407@example.com,9897236246
408,Customer_408,39,Male,Visakhapatnam,user408@example.com,9815140967
409,Customer_409,36,Male,Pune,user409@example.com,9872962895
410,Customer_410,46,Male,Hyderabad,user410@example.com,9812550658
411,Customer_411,34,Male,Chennai,user411@example.com,9883659258
412,Customer_412,64,Male,Delhi,user412@example.com,9848668339
413,Customer_413,33,Male,Bengaluru,user413@example.com,9816408822
414,Customer_414,33,Female,Delhi,user414@example.com,9818429833
415,Customer_415,25,Male,Pune,user415@example.com,9894819556
416,Customer_416,50,Male,Chennai,user416@example.com,9849093864
417,Customer_417,45,Female,Hyderabad,user417@example.com,9842287985
418,Customer_418,54,Male,Delhi,user418@example.com,9899170406
419,Customer_419,60,Female,Vijayawada,user419@example.com,9819083764
420,Customer_420,51,Female,Hyderabad,user420@example.com,9873100462
421,Customer_421,20,Female,Delhi,user421@example.com,9844044361
422,Customer_422,65,Female,Hyderabad,user422@example.com,9819067690
423,Customer_423,40,Male,Chennai,user423@example.com,9888101741
424,Customer_424,65,Male,Mumbai,user424@example.com,9815950635
425,Customer_425,40,Male,Mumbai,user425@example.com,9872360629
426,Customer_426,62,Male,Pune,user426@example.com,9828099607
427,Customer_427,22,Male,Pune,user427@example.com,9849385195
428,Customer_428,30,Male,Hyderabad,user428@example.com,9815624520
429,Customer_429,38,Female,Bengaluru,user429@example.com,9882884346
430,Customer_430,48,Male,Bengaluru,user430@example.com,9896825515
431,Customer_431,30,Female,Bengaluru,user431@example.com,9816416148
432,Customer_432,59,Female,Mumbai,user432@example.com,9826706752
433,Customer_433,41,Female,Delhi,user433@example.com,9869020451
434,Customer_434,42,Male,Mumbai,user434@example.com,9876599269
435,Customer_435,62,Female,Pune,user435@example.com,9879696025
436,Customer_436,35,Female,Vijayawada,user436@example.com,9820593403
437,Customer_437,45,Female,Visakhapatnam,user437@example.com,9853112268
438,Customer_438,24,Female,Vijayawada,user438@example.com,9898707076
439,Customer_439,36,Female,Bengaluru,user439@example.com,9890882505
440,Customer_440,63,Male,Delhi,user440@example.com,9869580374
441,Customer_441,40,Male,Pune,user441@example.com,9857319709
442,Customer_442,57,Female,Delhi,user442@example.com,9895828117
443,Customer_443,21,Female,Vijayawada,user443@example.com,9858762794
444,Customer_444,50,Male,Visakhapatnam,user444@example.com,9829163535
445,Customer_445,56,Male,Pune,user445@example.com,9826942307
446,Customer_446,22,Female,Chennai,user446@example.com,9858607028
447,Customer_447,42,Male,Hyderabad,user447@example.com,9870387584
448,Customer_448,41,Female,Mumbai,user448@example.com,9820319387
449,Customer_449,54,Female,Visakhapatnam,user449@example.com,9863423225
450,Customer_450,38,Male,,,9825226815
451,Customer_451,19,Female,Visakhapatnam,user451@example.com,9879490594
452,Customer_452,42,Female,Vijayawada,user452@example.com,9844935501
453,Customer_453,63,Male,Pune,user453@example.com,9892124765
454,Customer_454,36,Male,Pune,user454@example.com,9826460116
455,Customer_455,26,Female,Vijayawada,user455@example.com,9833173544
456,Customer_456,63,Male,Pune,user456@example.com,9852894344
457,Customer_457,60,Male,Mumbai,user457@example.com,9883819367
458,Customer_458,52,Female,Bengaluru,user458@example.com,9831139996
459,Customer_459,63,Female,Visakhapatnam,user459@example.com,9878284040
460,Customer_460,32,Male,Vijayawada,user460@example.com,9828639738
461,Customer_461,33,Male,Pune,user461@example.com,9858438711
462,Customer_462,53,Female,Mumbai,user462@example.com,9884040798
463,Customer_463,26,Male,Vijayawada,user463@example.com,9851512297
464,Customer_464,43,Female,Pune,user464@example.com,9864953237
465,Customer_465,54,Male,Vijayawada,user465@example.com,9852550733
466,Customer_466,59,Female,Vijayawada,user466@example.com,9872523073
467,Customer_467,61,Male,Mumbai,user467@example.com,9883994695
468,Customer_468,58,Male,Visakhapatnam,user468@example.com,9868065043
469,Customer_469,50,Male,Hyderabad,user469@example.com,9879538491
470,Customer_470,27,Male,Bengaluru,user470@example.com,9831738837
471,Customer_471,38,Female,Chennai,user471@example.com,9879645282
472,Customer_472,36,Female,Vijayawada,user472@example.com,9836347197
473,Customer_473,58,Male,Bengaluru,user473@example.com,9893889081
474,Customer_474,37,Male,Vijayawada,user474@example.com,9889431184
475,Customer_475,55,Male,Visakhapatnam,user475@example.com,9898413629
476,Customer_476,57,Male,Mumbai,user476@example.com,9813808225
477,Customer_477,23,Female,Hyderabad,user477@example.com,9897393186
478,Customer_478,31,Male,Delhi,user478@example.com,9876845536
479,Customer_479,58,Female,Bengaluru,user479@example.com,9874819756
480,Customer_480,-1,Female,Delhi,user480@example.com,9870873663
481,Customer_481,22,Male,Hyderabad,user481@example.com,9869002851
482,Customer_482,44,Female,Pune,user482@example.com,9837383505
483,Customer_483,39,Female,Visakhapatnam,user483@example.com,9852857920
484,Customer_484,64,Female,Mumbai,user484@example.com,9827551135
485,Customer_485,41,Female,Vijayawada,user485@example.com,9842445506
486,Customer_486,47,Female,Vijayawada,user486@example.com,9870343755
487,Customer_487,33,Male,Visakhapatnam,user487@example.com,9816792127
488,Customer_488,36,Female,Delhi,user488@example.com,9843322272
489,Customer_489,28,Female,Mumbai,user489@example.com,9835479101
490,Customer_490,28,Female,Pune,user490@example.com,9876942394
491,Customer_491,37,Male,Pune,user491@example.com,9822086184
492,Customer_492,43,Male,Pune,user492@example.com,9838876195
493,Customer_493,55,Male,Mumbai,user493@example.com,9816783418
494,Customer_494,36,Female,Pune,user494@example.com,9848352498
495,Customer_495,52,Male,Hyderabad,user495@example.com,9867838146
496,Customer_496,26,Female,Bengaluru,user496@example.com,9864123845
497,Customer_497,41,Female,Hyderabad,user497@example.com,9816866268
498,Customer_498,54,Female,Chennai,user498@example.com,9884252324
499,Customer_499,36,Female,Vijayawada,user499@example.com,9877680031
500,Customer_500,46,Male,Bengaluru,user500@example.com,9827268907
501,Customer_501,24,Female,Delhi,user501@example.com,9855511258
502,Customer_502,53,Male,Mumbai,user502@example.com,9836717096
503,Customer_503,56,Male,Delhi,user503@example.com,9816080513
504,Customer_504,20,Female,Visakhapatnam,user504@example.com,9873584863
505,Customer_505,51,Male,Pune,user505@example.com,9891370909
506,Customer_506,50,Female,Visakhapatnam,user506@example.com,9892284610
507,Customer_507,38,Female,Visakhapatnam,user507@example.com,9892745294
508,Customer_508,65,Female,Bengaluru,user508@example.com,9878090664
509,Customer_509,50,Female,Pune,user509@example.com,9873739005
510,Customer_510,19,Female,Mumbai,user510@example.com,9824710878
511,Customer_511,44,Male,Bengaluru,user511@example.com,9890115852
512,Customer_512,48,Male,Bengaluru,user512@example.com,9816892773
513,Customer_513,55,Male,Pune,user513@example.com,9880361272
514,Customer_514,58,Male,Delhi,user514@example.com,9842507072
515,Customer_515,20,Male,Vijayawada,user515@example.com,9812541730
516,Customer_516,46,Female,Mumbai,user516@example.com,9830324759
517,Customer_517,44,Female,Chennai,user517@example.com,9877353073
518,Customer_518,57,Male,Pune,user518@example.com,9828533117
519,Customer_519,51,Female,Chennai,user519@example.com,9898882576
520,Customer_520,48,Female,Delhi,user520@example.com,9833244151
521,Customer_521,47,Female,Mumbai,user521@example.com,9896343485
522,Customer_522,62,Female,Bengaluru,user522@example.com,9835805259
523,Customer_523,33,Female,Bengaluru,user523@example.com,9840181142
524,Customer_524,37,Male,Bengaluru,user524@example.com,9875632882
525,Customer_525,38,Female,Pune,user525@example.com,9885227370
526,Customer_526,64,Female,Bengaluru,user526@example.com,9826357665
527,Customer_527,54,Female,Delhi,user527@example.com,9856323191
528,Customer_528,27,Male,Bengaluru,user528@example.com,9848605090
529,Customer_529,63,Female,Vijayawada,user529@example.com,9869374716
530,Customer_530,59,Female,Bengaluru,user530@example.com,9838720823
531,Customer_531,30,Female,Bengaluru,user531@example.com,9828424464
532,Customer_532,24,Male,Chennai,user532@example.com,9816813620
533,Customer_533,60,Male,Chennai,user533@example.com,9817045237
534,Customer_534,24,Female,Delhi,user534@example.com,9873404979
535,Customer_535,24,Male,Visakhapatnam,user535@example.com,9883867070
536,Customer_536,28,Female,Delhi,user536@example.com,9874082055
537,Customer_537,59,Female,Chennai,user537@example.com,9853106399
538,Customer_538,36,Male,Hyderabad,user538@example.com,9897550053
539,Customer_539,54,Male,Chennai,user539@example.com,9833496796
540,Customer_540,44,Male,,user540@example.com,9863283709
541,Customer_541,49,Female,Visakhapatnam,user541@example.com,9815028625
542,Customer_542,18,Male,Bengaluru,user542@example.com,9854968591
543,Customer_543,36,Female,Pune,user543@example.com,9828012011
544,Customer_544,50,Female,Pune,user544@example.com,9835878707
545,Customer_545,25,Male,Mumbai,user545@example.com,9871594457
546,Customer_546,59,Male,Bengaluru,user546@example.com,9811890348
547,Customer_547,65,Female,Mumbai,user547@example.com,9886206305
548,Customer_548,61,Male,Chennai,user548@example.com,9892000924
549,Customer_549,58,Female,Delhi,user549@example.com,9879159799
550,Customer_550,38,Female,Vijayawada,user550@example.com,9899826000
551,Customer_551,24,Male,Visakhapatnam,user551@example.com,9874082804
552,Customer_552,38,Male,Chennai,user552@example.com,9845002007
553,Customer_553,42,Female,Chennai,user553@example.com,9845835371
554,Customer_554,39,Male,Bengaluru,user554@example.com,9845105069
555,Customer_555,59,Male,Mumbai,user555@example.com,9818338186
556,Customer_556,60,Female,Vijayawada,user556@example.com,9851178850
557,Customer_557,28,Female,Delhi,user557@example.com,9825759274
558,Customer_558,58,Female,Bengaluru,user558@example.com,9892493631
559,Customer_559,32,Male,Chennai,user559@example.com,9874180488
560,Customer_560,27,Female,Pune,user560@example.com,9865813853
561,Customer_561,62,Male,Pune,user561@example.com,9843214247
562,Customer_562,61,Female,Vijayawada,user562@example.com,9880890196
563,Customer_563,63,Male,Mumbai,user563@example.com,9885721444
564,Customer_564,25,Male,Hyderabad,user564@example.com,9886866717
565,Customer_565,52,Male,Visakhapatnam,user565@example.com,9854039203
566,Customer_566,51,Male,Pune,user566@example.com,9837568520
567,Customer_567,63,Male,Pune,user567@example.com,9878501420
568,Customer_568,46,Female,Hyderabad,user568@example.com,9827709269
569,Customer_569,50,Female,Delhi,user569@example.com,9885686878
570,Customer_570,21,Female,Pune,user570@example.com,9812921981
571,Customer_571,43,Male,Bengaluru,user571@example.com,9839246218
572,Customer_572,55,Male,Vijayawada,user572@example.com,9866867700
573,Customer_573,40,Male,Vijayawada,user573@example.com,9819263592
574,Customer_574,48,Female,Hyderabad,user574@example.com,9864877191
575,Customer_575,29,Female,Visakhapatnam,user575@example.com,9860259293
576,Customer_576,42,Female,Pune,user576@example.com,9860418290
577,Customer_577,23,Female,Visakhapatnam,user577@example.com,9825922674
578,Customer_578,29,Male,Delhi,user578@example.com,9839888974
579,Customer_579,18,Female,Hyderabad,user579@example.com,9872143331
580,Customer_580,61,Female,Delhi,user580@example.com,9840824989
581,Customer_581,33,Female,Pune,user581@example.com,9830820038
582,Customer_582,35,Male,Chennai,user582@example.com,9814324134
583,Customer_583,60,Male,Delhi,user583@example.com,9842301683
584,Customer_584,31,Male,Vijayawada,user584@example.com,9889717834
585,Customer_585,20,Male,Pune,user585@example.com,9842847661
586,Customer_586,65,Female,Hyderabad,user586@example.com,9868916591
587,Customer_587,32,Male,Chennai,user587@example.com,9828808678
588,Customer_588,50,Male,Bengaluru,user588@example.com,9887324220
589,Customer_589,38,Male,Mumbai,user589@example.com,9850502136
590,Customer_590,27,Female,Chennai,user590@example.com,9850332555
591,Customer_591,35,Male,Hyderabad,user591@example.com,9894019376
592,Customer_592,61,Female,Delhi,user592@example.com,9816292676
593,Customer_593,40,Female,Delhi,user593@example.com,9865878146
594,Customer_594,44,Female,Visakhapatnam,user594@example.com,9860527631
595,Customer_595,29,Male,Pune,user595@example.com,9840245233
596,Customer_596,37,Female,Visakhapatnam,user596@example.com,9817734153
597,Customer_597,53,Female,Delhi,user597@example.com,9884797762
598,Customer_598,51,Female,Visakhapatnam,user598@example.com,9842595918
599,Customer_599,34,Female,Chennai,user599@example.com,9896799390
600,Customer_600,-1,Female,Pune,,9822410307
601,Customer_601,52,Male,Chennai,user601@example.com,9846032304
602,Customer_602,42,Male,Hyderabad,user602@example.com,9835254849
603,Customer_603,55,Female,Chennai,user603@example.com,9838036618
604,Customer_604,39,Male,Bengaluru,user604@example.com,9838428357
605,Customer_605,30,Female,Vijayawada,user605@example.com,9842560305
606,Customer_606,62,Female,Chennai,user606@example.com,9842122457
607,Customer_607,53,Female,Mumbai,user607@example.com,9861091554
608,Customer_608,47,Female,Mumbai,user608@example.com,9845106207
609,Customer_609,41,Female,Pune,user609@example.com,9823234972
610,Customer_610,64,Female,Pune,user610@example.com,9837263310
611,Customer_611,41,Female,Mumbai,user611@example.com,9816135823
612,Customer_612,54,Male,Chennai,user612@example.com,9812176998
613,Customer_613,34,Female,Delhi,user613@example.com,9830456313
614,Customer_614,30,Male,Mumbai,user614@example.com,9860981231
615,Customer_615,54,Female,Chennai,user615@example.com,9883905989
616,Customer_616,59,Female,Mumbai,user616@example.com,9875581613
617,Customer_617,64,Female,Pune,user617@example.com,9832579937
618,Customer_618,64,Male,Mumbai,user618@example.com,9828784915
619,Customer_619,64,Male,Pune,user619@example.com,9882764376
620,Customer_620,59,Male,Hyderabad,user620@example.com,9819976458
621,Customer_621,60,Male,Hyderabad,user621@example.com,9865350347
622,Customer_622,26,Male,Chennai,user622@example.com,9830270856
623,Customer_623,18,Female,Chennai,user623@example.com,9860090149
624,Customer_624,21,Female,Pune,user624@example.com,9812111482
625,Customer_625,18,Male,Delhi,user625@example.com,9812244945
626,Customer_626,51,Female,Bengaluru,user626@example.com,9812300840
627,Customer_627,50,Male,Delhi,user627@example.com,9824363501
628,Customer_628,24,Male,Visakhapatnam,user628@example.com,9835760684
629,Customer_629,57,Female,Bengaluru,user629@example.com,9845879718
630,Customer_630,43,Female,,user630@example.com,9864496076
631,Customer_631,47,Male,Chennai,user631@example.com,9850261914
632,Customer_632,61,Male,Vijayawada,user632@example.com,9822549425
633,Customer_633,43,Female,Delhi,user633@example.com,9884182331
634,Customer_634,48,Male,Hyderabad,user634@example.com,9833002714
635,Customer_635,23,Female,Pune,user635@example.com,9896557984
636,Customer_636,39,Male,Vijayawada,user636@example.com,9840838737
637,Customer_637,31,Female,Pune,user637@example.com,9816249441
638,Customer_638,22,Male,Bengaluru,user638@example.com,9834072553
639,Customer_639,38,Male,Hyderabad,user639@example.com,9888790652
640,Customer_640,27,Male,Delhi,user640@example.com,9850168264
641,Customer_641,28,Female,Chennai,user641@example.com,9882553061
642,Customer_642,39,Male,Delhi,user642@example.com,9820526386
643,Customer_643,50,Male,Mumbai,user643@example.com,9823111164
644,Customer_644,45,Male,Chennai,user644@example.com,9855713584
645,Customer_645,56,Female,Delhi,user645@example.com,9813976288
646,Customer_646,58,Female,Bengaluru,user646@example.com,9875847681
647,Customer_647,32,Female,Mumbai,user647@example.com,9867961650
648,Customer_648,29,Male,Delhi,user648@example.com,9893029219
649,Customer_649,36,Male,Chennai,user649@example.com,9821010955
650,Customer_650,35,Female,Visakhapatnam,user650@example.com,9895080736
651,Customer_651,27,Female,Delhi,user651@example.com,9858412365
652,Customer_652,24,Male,Vijayawada,user652@example.com,9851374957
653,Customer_653,46,Female,Mumbai,user653@example.com,9823721268
654,Customer_654,26,Male,Vijayawada,user654@example.com,9867845091
655,Customer_655,46,Male,Delhi,user655@example.com,9813524813
656,Customer_656,23,Male,Mumbai,user656@example.com,9890117857
657,Customer_657,56,Female,Mumbai,user657@example.com,9811656329
658,Customer_658,36,Female,Delhi,user658@example.com,9821368176
659,Customer_659,64,Male,Chennai,user659@example.com,9861100987
660,Customer_660,28,Female,Visakhapatnam,user660@example.com,9850417154
661,Customer_661,35,Male,Pune,user661@example.com,9818491573
662,Customer_662,28,Female,Delhi,user662@example.com,9866519399
663,Customer_663,37,Male,Pune,user663@example.com,9858469365
664,Customer_664,34,Female,Chennai,user664@example.com,9889699345
665,Customer_665,57,Female,Chennai,user665@example.com,9824357588
666,Customer_666,26,Male,Bengaluru,user666@example.com,9863108878
667,Customer_667,39,Female,Delhi,user667@example.com,9869085720
668,Customer_668,39,Male,Delhi,user668@example.com,9850323741
669,Customer_669,38,Female,Chennai,user669@example.com,9852168966
670,Customer_670,29,Female,Delhi,user670@example.com,9849117508
671,Customer_671,65,Male,Pune,user671@example.com,9853739710
672,Customer_672,42,Female,Bengaluru,user672@example.com,9858991556
673,Customer_673,25,Male,Chennai,user673@example.com,9883833059
674,Customer_674,19,Male,Pune,user674@example.com,9868848427
675,Customer_675,36,Female,Vijayawada,user675@example.com,9877015343
676,Customer_676,26,Male,Bengaluru,user676@example.com,9843914361
677,Customer_677,60,Female,Visakhapatnam,user677@example.com,9860598851
678,Customer_678,22,Female,Pune,user678@example.com,9888147469
679,Customer_679,43,Male,Delhi,user679@example.com,9858255231
680,Customer_680,62,Male,Vijayawada,user680@example.com,9843316996
681,Customer_681,60,Male,Mumbai,user681@example.com,9896838849
682,Customer_682,57,Female,Hyderabad,user682@example.com,9854506155
683,Customer_683,45,Male,Vijayawada,user683@example.com,9823234748
684,Customer_684,34,Male,Chennai,user684@example.com,9869831384
685,Customer_685,41,Female,Delhi,user685@example.com,9888999206
686,Customer_686,62,Female,Visakhapatnam,user686@example.com,9813296743
687,Customer_687,48,Female,Vijayawada,user687@example.com,9865831276
688,Customer_688,23,Male,Vijayawada,user688@example.com,9856751880
689,Customer_689,37,Female,Mumbai,user689@example.com,9837765262
690,Customer_690,51,Female,Pune,user690@example.com,9873909453
691,Customer_691,24,Female,Pune,user691@example.com,9852803305
692,Customer_692,22,Male,Bengaluru,user692@example.com,9825446483
693,Customer_693,19,Male,Mumbai,user693@example.com,9832059232
694,Customer_694,65,Male,Chennai,user694@example.com,9884076145
695,Customer_695,28,Female,Mumbai,user695@example.com,9872015859
696,Customer_696,32,Male,Delhi,user696@example.com,9835016429
697,Customer_697,58,Female,Delhi,user697@example.com,9813918120
698,Customer_698,65,Female,Chennai,user698@example.com,9889484162
699,Customer_699,45,Male,Delhi,user699@example.com,9838829445
700,Customer_700,31,Male,Bengaluru,user700@example.com,9887490324
701,Customer_701,24,Female,Visakhapatnam,user701@example.com,9853752954
702,Customer_702,30,Male,Pune,user702@example.com,9845212476
703,Customer_703,60,Female,Pune,user703@example.com,9890124068
704,Customer_704,42,Male,Delhi,user704@example.com,9856697654
705,Customer_705,40,Male,Pune,user705@example.com,9849922369
706,Customer_706,57,Male,Vijayawada,user706@example.com,9852035079
707,Customer_707,25,Female,Chennai,user707@example.com,9825696616
708,Customer_708,29,Male,Mumbai,user708@example.com,9878561753
709,Customer_709,42,Male,Delhi,user709@example.com,9887149161
710,Customer_710,42,Male,Delhi,user710@example.com,9875319770
711,Customer_711,58,Male,Visakhapatnam,user711@example.com,9875718640
712,Customer_712,36,Male,Visakhapatnam,user712@example.com,9852222214
713,Customer_713,46,Female,Hyderabad,user713@example.com,9811286267
714,Customer_714,49,Male,Visakhapatnam,user714@example.com,9861532114
715,Customer_715,53,Female,Pune,user715@example.com,9875998330
716,Customer_716,44,Female,Pune,user716@example.com,9832448383
717,Customer_717,23,Male,Hyderabad,user717@example.com,9849203644
718,Customer_718,20,Male,Bengaluru,user718@example.com,9882156607
719,Customer_719,36,Female,Visakhapatnam,user719@example.com,9885920319
720,Customer_720,-1,Male,,user720@example.com,9886868379
721,Customer_721,25,Female,Bengaluru,user721@example.com,9882751830
722,Customer_722,20,Male,Pune,user722@example.com,9867063296
723,Customer_723,24,Female,Chennai,user723@example.com,9814325890
724,Customer_724,46,Female,Bengaluru,user724@example.com,9821674661
725,Customer_725,46,Male,Vijayawada,user725@example.com,9838169370
726,Customer_726,65,Female,Mumbai,user726@example.com,9832277675
727,Customer_727,57,Male,Visakhapatnam,user727@example.com,9837775381
728,Customer_728,21,Female,Mumbai,user728@example.com,9890108882
729,Customer_729,52,Female,Visakhapatnam,user729@example.com,9849276764
730,Customer_730,36,Male,Bengaluru,user730@example.com,9828198434
731,Customer_731,44,Female,Hyderabad,user731@example.com,9898032908
732,Customer_732,26,Male,Visakhapatnam,user732@example.com,9829628462
733,Customer_733,63,Male,Mumbai,user733@example.com,9862707402
734,Customer_734,49,Female,Visakhapatnam,user734@example.com,9894263610
735,Customer_735,44,Female,Delhi,user735@example.com,9820135622
736,Customer_736,58,Female,Vijayawada,user736@example.com,9879204468
737,Customer_737,65,Female,Bengaluru,user737@example.com,9871028216
738,Customer_738,49,Male,Mumbai,user738@example.com,9822501261
739,Customer_739,64,Female,Pune,user739@example.com,9818500100
740,Customer_740,52,Male,Delhi,user740@example.com,9867665720
741,Customer_741,31,Female,Pune,user741@example.com,9853334226
742,Customer_742,36,Male,Mumbai,user742@example.com,9885986307
743,Customer_743,49,Male,Mumbai,user743@example.com,9816166355
744,Customer_744,24,Male,Pune,user744@example.com,9826674831
745,Customer_745,28,Female,Pune,user745@example.com,9810090721
746,Customer_746,45,Male,Chennai,user746@example.com,9897241147
747,Customer_747,37,Female,Visakhapatnam,user747@example.com,9822527880
748,Customer_748,59,Female,Mumbai,user748@example.com,9821062296
749,Customer_749,41,Male,Visakhapatnam,user749@example.com,9863196064
750,Customer_750,58,Male,Bengaluru,,9867610401
751,Customer_751,59,Male,Vijayawada,user751@example.com,9810145801
752,Customer_752,31,Male,Pune,user752@example.com,9827810664
753,Customer_753,55,Female,Chennai,user753@example.com,9811246473
754,Customer_754,18,Male,Mumbai,user754@example.com,9866682016
755,Customer_755,62,Female,Visakhapatnam,user755@example.com,9819506414
756,Customer_756,32,Male,Delhi,user756@example.com,9823747542
757,Customer_757,24,Female,Mumbai,user757@example.com,9850165370
758,Customer_758,26,Male,Delhi,user758@example.com,9896110892
759,Customer_759,61,Male,Visakhapatnam,user759@example.com,9881203615
760,Customer_760,54,Male,Hyderabad,user760@example.com,9869069144
761,Customer_761,40,Male,Chennai,user761@example.com,9865258766
762,Customer_762,57,Male,Pune,user762@example.com,9821635070
763,Customer_763,24,Male,Visakhapatnam,user763@example.com,9889131271
764,Customer_764,64,Female,Delhi,user764@example.com,9867631581
765,Customer_765,38,Male,Visakhapatnam,user765@example.com,9847173969
766,Customer_766,59,Male,Vijayawada,user766@example.com,9884275638
767,Customer_767,56,Male,Bengaluru,user767@example.com,9898369672
768,Customer_768,37,Male,Chennai,user768@example.com,9862579931
769,Customer_769,36,Male,Hyderabad,user769@example.com,9876422705
770,Customer_770,42,Male,Vijayawada,user770@example.com,9877052833
771,Customer_771,58,Male,Vijayawada,user771@example.com,9858465780
772,Customer_772,38,Female,Visakhapatnam,user772@example.com,9886286724
773,Customer_773,44,Male,Mumbai,user773@example.com,9873218512
774,Customer_774,22,Male,Hyderabad,user774@example.com,9811851322
775,Customer_775,34,Male,Chennai,user775@example.com,9818115992
776,Customer_776,43,Female,Bengaluru,user776@example.com,9866851305
777,Customer_777,62,Male,Delhi,user777@example.com,9895971459
778,Customer_778,52,Female,Visakhapatnam,user778@example.com,9821220209
779,Customer_779,37,Male,Vijayawada,user779@example.com,9830854365
780,Customer_780,52,Female,Mumbai,user780@example.com,9888710263
781,Customer_781,58,Female,Vijayawada,user781@example.com,9868718382
782,Customer_782,64,Male,Chennai,user782@example.com,9842813517
783,Customer_783,23,Male,Delhi,user783@example.com,9870850538
784,Customer_784,57,Female,Hyderabad,user784@example.com,9899399687
785,Customer_785,65,Male,Visakhapatnam,user785@example.com,9811699863
786,Customer_786,63,Male,Visakhapatnam,user786@example.com,9831989243
787,Customer_787,49,Female,Mumbai,user787@example.com,9832409388
788,Customer_788,41,Female,Visakhapatnam,user788@example.com,9825845304
789,Customer_789,19,Female,Mumbai,user789@example.com,9846504617
790,Customer_790,51,Female,Vijayawada,user790@example.com,9887396877
791,Customer_791,58,Female,Vijayawada,user791@example.com,9871095611
792,Customer_792,50,Male,Mumbai,user792@example.com,9877056519
793,Customer_793,54,Female,Visakhapatnam,user793@example.com,9831113788
794,Customer_794,34,Male,Vijayawada,user794@example.com,9840655922
795,Customer_795,65,Male,Hyderabad,user795@example.com,9811649277
796,Customer_796,33,Female,Hyderabad,user796@example.com,9858852098
797,Customer_797,42,Male,Visakhapatnam,user797@example.com,9814746418
798,Customer_798,53,Male,Delhi,user798@example.com,9853191535
799,Customer_799,33,Female,Delhi,user799@example.com,9846407626
800,Customer_800,22,Male,Mumbai,user800@example.com,9877382794
801,Customer_801,61,Male,Hyderabad,user801@example.com,9839955391
802,Customer_802,51,Female,Hyderabad,user802@example.com,9819251149
803,Customer_803,47,Female,Bengaluru,user803@example.com,9853929586
804,Customer_804,23,Male,Pune,user804@example.com,9859515518
805,Customer_805,30,Female,Bengaluru,user805@example.com,9893579731
806,Customer_806,33,Female,Pune,user806@example.com,9889415412
807,Customer_807,49,Male,Chennai,user807@example.com,9830208677
808,Customer_808,18,Male,Delhi,user808@example.com,9841272427
809,Customer_809,52,Male,Mumbai,user809@example.com,9854965270
810,Customer_810,18,Female,,user810@example.com,9823951801
811,Customer_811,31,Female,Chennai,user811@example.com,9876038997
812,Customer_812,21,Female,Visakhapatnam,user812@example.com,9822485824
813,Customer_813,20,Female,Chennai,user813@example.com,9859995026
814,Customer_814,47,Male,Vijayawada,user814@example.com,9877837366
815,Customer_815,26,Male,Delhi,user815@example.com,9889442904
816,Customer_816,54,Female,Hyderabad,user816@example.com,9898911718
817,Customer_817,26,Female,Chennai,user817@example.com,9845029610
818,Customer_818,38,Female,Delhi,user818@example.com,9852688984
819,Customer_819,46,Male,Bengaluru,user819@example.com,9820024377
820,Customer_820,30,Male,Visakhapatnam,user820@example.com,9830858851
821,Customer_821,24,Female,Visakhapatnam,user821@example.com,9872552858
822,Customer_822,38,Male,Delhi,user822@example.com,9881930575
823,Customer_823,40,Female,Chennai,user823@example.com,9851380361
824,Customer_824,47,Male,Bengaluru,user824@example.com,9822136086
825,Customer_825,28,Male,Bengaluru,user825@example.com,9838859601
826,Customer_826,38,Male,Visakhapatnam,user826@example.com,9843315361
827,Customer_827,40,Male,Delhi,user827@example.com,9850109721
828,Customer_828,34,Male,Visakhapatnam,user828@example.com,9864276605
829,Customer_829,46,Male,Chennai,user829@example.com,9872014395
830,Customer_830,24,Male,Visakhapatnam,user830@example.com,9811604831
831,Customer_831,21,Male,Chennai,user831@example.com,9836592965
832,Customer_832,43,Male,Mumbai,user832@example.com,9888158177
833,Customer_833,55,Male,Bengaluru,user833@example.com,9812925970
834,Customer_834,22,Female,Chennai,user834@example.com,9827286109
835,Customer_835,23,Male,Mumbai,user835@example.com,9815730602
836,Customer_836,47,Male,Hyderabad,user836@example.com,9887025433
837,Customer_837,45,Female,Delhi,user837@example.com,9813957046
838,Customer_838,42,Male,Delhi,user838@example.com,9857505459
839,Customer_839,31,Female,Visakhapatnam,user839@example.com,9847561442
840,Customer_840,-1,Male,Visakhapatnam,user840@example.com,9892423989
841,Customer_841,57,Female,Chennai,user841@example.com,9876960098
842,Customer_842,44,Male,Pune,user842@example.com,9821773787
843,Customer_843,35,Male,Delhi,user843@example.com,9866268745
844,Customer_844,30,Male,Chennai,user844@example.com,9861338023
845,Customer_845,63,Female,Mumbai,user845@example.com,9883083942
846,Customer_846,49,Female,Mumbai,user846@example.com,9862127652
847,Customer_847,35,Male,Visakhapatnam,user847@example.com,9852799022
848,Customer_848,56,Male,Chennai,user848@example.com,9847706144
849,Customer_849,21,Female,Pune,user849@example.com,9888381665
850,Customer_850,32,Male,Visakhapatnam,user850@example.com,9843266810
851,Customer_851,60,Female,Chennai,user851@example.com,9881630600
852,Customer_852,65,Male,Hyderabad,user852@example.com,9887268086
853,Customer_853,42,Male,Mumbai,user853@example.com,9833635791
854,Customer_854,33,Female,Mumbai,user854@example.com,9889398174
855,Customer_855,19,Male,Mumbai,user855@example.com,9885579195
856,Customer_856,30,Female,Pune,user856@example.com,9833562830
857,Customer_857,49,Male,Hyderabad,user857@example.com,9817538738
858,Customer_858,32,Male,Chennai,user858@example.com,9880658723
859,Customer_859,48,Female,Hyderabad,user859@example.com,9892427773
860,Customer_860,30,Female,Visakhapatnam,user860@example.com,9833818260
861,Customer_861,38,Male,Hyderabad,user861@example.com,9829825571
862,Customer_862,55,Male,Visakhapatnam,user862@example.com,9880638102
863,Customer_863,41,Female,Vijayawada,user863@example.com,9898870866
864,Customer_864,43,Female,Vijayawada,user864@example.com,9850502233
865,Customer_865,38,Male,Visakhapatnam,user865@example.com,9868635481
866,Customer_866,58,Female,Pune,user866@example.com,9833381086
867,Customer_867,63,Male,Mumbai,user867@example.com,9899326148
868,Customer_868,55,Female,Visakhapatnam,user868@example.com,9851181116
869,Customer_869,64,Male,Bengaluru,user869@example.com,9833851602
870,Customer_870,64,Female,Hyderabad,user870@example.com,9886166246
871,Customer_871,20,Female,Visakhapatnam,user871@example.com,9892058189
872,Customer_872,32,Female,Vijayawada,user872@example.com,9828876833
873,Customer_873,39,Male,Vijayawada,user873@example.com,9856548066
874,Customer_874,38,Male,Visakhapatnam,user874@example.com,9899929175
875,Customer_875,58,Female,Mumbai,user875@example.com,9811529494
876,Customer_876,34,Male,Chennai,user876@example.com,9819099261
877,Customer_877,40,Male,Bengaluru,user877@example.com,9810171954
878,Customer_878,21,Female,Delhi,user878@example.com,9866324902
879,Customer_879,28,Female,Delhi,user879@example.com,9860829941
880,Customer_880,40,Male,Delhi,user880@example.com,9874355957
881,Customer_881,54,Male,Chennai,user881@example.com,9870570772
882,Customer_882,22,Female,Hyderabad,user882@example.com,9812694823
883,Customer_883,38,Male,Bengaluru,user883@example.com,9819959009
884,Customer_884,39,Female,Visakhapatnam,user884@example.com,9831596235
885,Customer_885,64,Male,Vijayawada,user885@example.com,9855358959
886,Customer_886,56,Male,Pune,user886@example.com,9867891237
887,Customer_887,59,Female,Visakhapatnam,user887@example.com,9831086112
888,Customer_888,21,Female,Vijayawada,user888@example.com,9837588517
889,Customer_889,30,Female,Delhi,user889@example.com,9898663948
890,Customer_890,36,Male,Bengaluru,user890@example.com,9822873617
891,Customer_891,21,Female,Delhi,user891@example.com,9830614492
892,Customer_892,21,Male,Mumbai,user892@example.com,9867392300
893,Customer_893,23,Female,Bengaluru,user893@example.com,9836799898
894,Customer_894,24,Male,Hyderabad,user894@example.com,9832928708
895,Customer_895,58,Male,Bengaluru,user895@example.com,9873561576
896,Customer_896,25,Female,Bengaluru,user896@example.com,9873209094
897,Customer_897,49,Male,Bengaluru,user897@example.com,9896149847
898,Customer_898,52,Male,Delhi,user898@example.com,9859797531
899,Customer_899,42,Male,Mumbai,user899@example.com,9869830944
900,Customer_900,20,Female,,,9872419022
901,Customer_901,34,Female,Chennai,user901@example.com,9885731895
902,Customer_902,21,Male,Visakhapatnam,user902@example.com,9821503440
903,Customer_903,60,Female,Mumbai,user903@example.com,9889151743
904,Customer_904,32,Female,Hyderabad,user904@example.com,9880139805
905,Customer_905,44,Male,Pune,user905@example.com,9873922841
906,Customer_906,37,Female,Vijayawada,user906@example.com,9814661179
907,Customer_907,50,Male,Visakhapatnam,user907@example.com,9870269093
908,Customer_908,29,Male,Visakhapatnam,user908@example.com,9835867257
909,Customer_909,26,Female,Hyderabad,user909@example.com,9820518444
910,Customer_910,61,Male,Delhi,user910@example.com,9894184877
911,Customer_911,27,Female,Bengaluru,user911@example.com,9818994192
912,Customer_912,23,Female,Delhi,user912@example.com,9884095459
913,Customer_913,38,Female,Bengaluru,user913@example.com,9811659440
914,Customer_914,62,Male,Delhi,user914@example.com,9865625517
915,Customer_915,27,Male,Visakhapatnam,user915@example.com,9824178065
916,Customer_916,54,Female,Vijayawada,user916@example.com,9881891508
917,Customer_917,40,Female,Delhi,user917@example.com,9861411224
918,Customer_918,59,Female,Pune,user918@example.com,9815028557
919,Customer_919,29,Female,Bengaluru,user919@example.com,9829307578
920,Customer_920,57,Male,Delhi,user920@example.com,9863122402
921,Customer_921,39,Male,Chennai,user921@example.com,9873782705
922,Customer_922,35,Male,Mumbai,user922@example.com,9855347617
923,Customer_923,37,Female,Bengaluru,user923@example.com,9875984013
924,Customer_924,62,Male,Vijayawada,user924@example.com,9828036919
925,Customer_925,37,Female,Pune,user925@example.com,9846160937
926,Customer_926,64,Male,Delhi,user926@example.com,9835224301
927,Customer_927,46,Female,Chennai,user927@example.com,9875023164
928,Customer_928,51,Male,Mumbai,user928@example.com,9879158328
929,Customer_929,28,Female,Vijayawada,user929@example.com,9878020910
930,Customer_930,43,Male,Visakhapatnam,user930@example.com,9833318633
931,Customer_931,30,Male,Chennai,user931@example.com,9843486016
932,Customer_932,20,Male,Pune,user932@example.com,9858368724
933,Customer_933,63,Female,Chennai,user933@example.com,9859439358
934,Customer_934,47,Male,Delhi,user934@example.com,9814102122
935,Customer_935,33,Female,Mumbai,user935@example.com,9889731181
936,Customer_936,46,Female,Visakhapatnam,user936@example.com,9888769733
937,Customer_937,53,Female,Mumbai,user937@example.com,9831946425
938,Customer_938,34,Female,Vijayawada,user938@example.com,9813684342
939,Customer_939,42,Male,Hyderabad,user939@example.com,9886807176
940,Customer_940,31,Male,Chennai,user940@example.com,9837746963
941,Customer_941,35,Male,Delhi,user941@example.com,9811194267
942,Customer_942,48,Male,Visakhapatnam,user942@example.com,9890683906
943,Customer_943,18,Female,Chennai,user943@example.com,9891650533
944,Customer_944,37,Female,Bengaluru,user944@example.com,9860529679
945,Customer_945,40,Female,Pune,user945@example.com,9839287523
946,Customer_946,47,Female,Bengaluru,user946@example.com,9888448538
947,Customer_947,24,Female,Hyderabad,user947@example.com,9885357498
948,Customer_948,59,Female,Bengaluru,user948@example.com,9824509544
949,Customer_949,48,Female,Vijayawada,user949@example.com,9847108953
950,Customer_950,58,Female,Mumbai,user950@example.com,9845050544
951,Customer_951,59,Male,Bengaluru,user951@example.com,9830123169
952,Customer_952,51,Male,Chennai,user952@example.com,9890535106
953,Customer_953,43,Male,Mumbai,user953@example.com,9813416548
954,Customer_954,59,Female,Pune,user954@example.com,9844819604
955,Customer_955,44,Female,Delhi,user955@example.com,9814740436
956,Customer_956,55,Female,Chennai,user956@example.com,9839845082
957,Customer_957,61,Female,Pune,user957@example.com,9878090647
958,Customer_958,37,Male,Visakhapatnam,user958@example.com,9849431028
959,Customer_959,24,Male,Pune,user959@example.com,9844715663
960,Customer_960,-1,Female,Visakhapatnam,user960@example.com,9897836731
961,Customer_961,23,Female,Chennai,user961@example.com,9839974566
962,Customer_962,65,Female,Bengaluru,user962@example.com,9854468633
963,Customer_963,41,Female,Bengaluru,user963@example.com,9872244897
964,Customer_964,25,Male,Pune,user964@example.com,9895147289
965,Customer_965,55,Female,Vijayawada,user965@example.com,9836111227
966,Customer_966,50,Female,Vijayawada,user966@example.com,9881113720
967,Customer_967,37,Male,Delhi,user967@example.com,9830237141
968,Customer_968,26,Female,Chennai,user968@example.com,9864920799
969,Customer_969,54,Male,Pune,user969@example.com,9852464268
970,Customer_970,63,Male,Visakhapatnam,user970@example.com,9875441993
971,Customer_971,39,Female,Visakhapatnam,user971@example.com,9895161010
972,Customer_972,21,Female,Hyderabad,user972@example.com,9846712288
973,Customer_973,31,Male,Visakhapatnam,user973@example.com,9875709924
974,Customer_974,23,Female,Visakhapatnam,user974@example.com,9895025258
975,Customer_975,45,Female,Delhi,user975@example.com,9874075580
976,Customer_976,42,Male,Hyderabad,user976@example.com,9881643088
977,Customer_977,30,Male,Mumbai,user977@example.com,9853246714
978,Customer_978,51,Male,Chennai,user978@example.com,9810553491
979,Customer_979,58,Male,Chennai,user979@example.com,9856217844
980,Customer_980,37,Male,Visakhapatnam,user980@example.com,9861479273
981,Customer_981,50,Male,Bengaluru,user981@example.com,9818762675
982,Customer_982,20,Female,Bengaluru,user982@example.com,9871193393
983,Customer_983,64,Female,Mumbai,user983@example.com,9827956913
984,Customer_984,39,Female,Pune,user984@example.com,9835290114
985,Customer_985,28,Male,Delhi,user985@example.com,9840657783
986,Customer_986,32,Male,Visakhapatnam,user986@example.com,9812941149
987,Customer_987,55,Male,Visakhapatnam,user987@example.com,9859203071
988,Customer_988,63,Female,Hyderabad,user988@example.com,9895942441
989,Customer_989,34,Male,Hyderabad,user989@example.com,9898848098
990,Customer_990,24,Male,,user990@example.com,9825541047
991,Customer_991,44,Female,Pune,user991@example.com,9826588648
992,Customer_992,53,Female,Bengaluru,user992@example.com,9830552371
993,Customer_993,31,Female,Hyderabad,user993@example.com,9866488410
994,Customer_994,60,Female,Vijayawada,user994@example.com,9893590502
995,Customer_995,56,Female,Visakhapatnam,user995@example.com,9824081350
996,Customer_996,50,Female,Vijayawada,user996@example.com,9825302505
997,Customer_997,24,Male,Pune,user997@example.com,9891738839
998,Customer_998,30,Male,Bengaluru,user998@example.com,9858039455
999,Customer_999,63,Female,Delhi,user999@example.com,9831524980
1000,Customer_1000,20,Male,Pune,user1000@example.com,9874513622
